Contract_recon,churn_rate,count
Month-to-month,0.4270967741935484,3875
One year,0.11277173913043478,1472
Two year,0.028486646884272996,1685
